type:PersonalAccount,iban:GR100202503111546001,primaryOwner:067688302,dateCreated:2025-10-01,rate:0.02,balance:959.7742269527089,coOwner:067688304,
type:PersonalAccount,iban:GR100202503111546002,primaryOwner:067688303,dateCreated:2025-10-01,rate:0.02,balance:1713.19002256046,
type:PersonalAccount,iban:GR100202503111546003,primaryOwner:067688304,dateCreated:2025-10-01,rate:0.02,balance:3789.2091162605057,
type:PersonalAccount,iban:GR100202503111546004,primaryOwner:067688302,dateCreated:2025-10-01,rate:0.02,balance:572.0229709252322,coOwner:067688303,
type:PersonalAccount,iban:GR100202503111546005,primaryOwner:067688307,dateCreated:2025-10-01,rate:0.02,balance:504.2505792464182,
type:PersonalAccount,iban:GR100202503111546006,primaryOwner:067688306,dateCreated:2025-10-01,rate:0.02,balance:797.3486902243636,coOwner:067688303,coOwner:067688302,
type:PersonalAccount,iban:GR100202503111546007,primaryOwner:067688303,dateCreated:2025-10-01,rate:0.02,balance:25.47111092216151,
type:BusinessAccount,iban:GR200202503131719401,primaryOwner:090800700,dateCreated:2025-10-01,rate:0.03,balance:10000.0,fee:0,
type:BusinessAccount,iban:GR200202503131719402,primaryOwner:090800800,dateCreated:2025-10-01,rate:0.03,balance:20705.800000000003,fee:0,
type:BusinessAccount,iban:GR200202503131719403,primaryOwner:090800900,dateCreated:2025-10-01,rate:0.03,balance:100000.0,fee:0,
type:BusinessAccount,iban:GR200202503131719404,primaryOwner:090800600,dateCreated:2025-10-01,rate:0.03,balance:7319.0,fee:0,
type:BusinessAccount,iban:GR200000000000000000,primaryOwner:090800123,dateCreated:2005-10-10,rate:0.0,balance:1.0E7,fee:0,
